line_ref,vehicle_journey_code,departure_time,from_stop_ref,origin_stop_name,origin_latitude,origin_longitude,to_stop_ref,destination_stop_name,destination_latitude,destination_longitude,distance_km,distance_metres,distance_band,sequence_gap,runtime_minutes
SCEK:PK0000098:431:319,VJ619,12:13:00,1400HA0144,Warrior Square Station,50.8554662,0.5592296,1400HA0142,Christ Church,50.8540424,0.5597627,0.1626820704766919,162.68,Under 0.25 km,1,1.0
SCEK:PK0000098:262:1,VJ167,11:07:00,1400EB75035,Langney Roundabout South,50.7922966,0.3131121,1400EB0318,Priory Road South,50.7956689,0.3126826,0.3761963902461093,376.2,0.25-0.50 km,1,1.0
SCEK:PK0000098:325:329A,VJ687,18:30:00,1400HA0222,St Helen's Park Road,50.865268,0.577319,1400HA10007,Dordrecht Way,50.8653812,0.5721661,0.36185084927009364,361.85,0.25-0.50 km,1,2.0
SCEK:PK0000098:146:LOOP,VJ728,11:55:00,2400A047280A,East Kent College,51.3545875,1.4346998,2400A047290A,King Edward Avenue,51.3566779,1.4385629,0.35494873064300914,354.95,0.25-0.50 km,1,1.0
SCEK:PK0000098:64:502,VJ998,07:07:00,240099796,Jersey Close,51.173918,0.8791224,240099798,Guernsey Way,51.1721328,0.8745472,0.3756900468757805,375.69,0.25-0.50 km,1,1.0
SCEK:PK0000098:262:1A,VJ447,16:00:00,1400EB0030,Victoria Drive,50.7800291,0.2557057,1400EB0027,Cavendish School,50.7801107,0.2598519,0.2916543550976713,291.65,0.25-0.50 km,1,1.0
SCEK:PK0000098:28:71,VJ224,14:15:00,2400A027950A,Bowden Crescent,51.086324,1.1324563,2400A027940A,Broadview,51.0874746,1.1287921,0.28612809064974326,286.13,0.25-0.50 km,1,1.0
SCEK:PK0000098:332:400,VJ77,07:51:00,2400A048730A,Kemp Road,51.3631389,1.0610325,2400A048750A,The Wheatsheaf,51.3615168,1.0649327,0.3253609440292422,325.36,0.25-0.50 km,1,1.0
SCEK:PK0000098:277:98,VJ64,16:52:00,1400RR0150,All Saints Lane,50.856568,0.470152,1400RR0148,Buxton Drive,50.8555585,0.4732247,0.24314751104960894,243.15,Under 0.25 km,1,1.0
SCEK:PK0000098:354:313,VJ1434,08:10:00,1400RR0296,Dixter Road,50.9936624,0.6007322,1400RR0294,Primary School,50.9890026,0.6064141,0.6531648402232538,653.16,0.50-1.00 km,1,1.0
SCEK:PK0000098:345:81,VJ465,12:55:00,240096910,Grange Road,51.2207985,1.3928658,240096914,Fire Station,51.2225014,1.3958704,0.28220498737801075,282.2,0.25-0.50 km,1,2.0
SCEK:PK0000098:280:328,VJ396,13:36:00,1400HA0263,Pennine Rise,50.8758234,0.5985571,1400HA0256,Pine Avenue,50.876844,0.599197,0.1220442996071102,122.04,Under 0.25 km,1,1.0
SCEK:PK0000098:262:1A,VJ323,15:50:00,1400EB0400,Arlington Arms,50.783986,0.3044874,1400EB0398,Tesco,50.7852369,0.3058117,0.16737630824460495,167.38,Under 0.25 km,1,1.0
SCEK:PK0000098:277:98,VJ11,12:43:00,1400WE10005,Cinque Ports Way,50.8511773,0.5356933,1400HA80623,The Bo-Peep,50.8513988,0.53957,0.27326194273610915,273.26,0.25-0.50 km,1,1.0
SCEK:PK0000098:279:99,VJ807,06:05:00,1400HA0108,Warrior Square,50.8521557,0.5637656,1400HA0110,Eversfield Place,50.8528761,0.5682241,0.3230730354548008,323.07,0.25-0.50 km,1,2.0
SCEK:PK0000098:27:8A,VJ131,08:02:00,2400A044260A,Lyngate Court,51.3849253,1.4182126,2400A044380A,The Wheatsheaf,51.3812823,1.4135855,0.5169190159902013,516.92,0.50-1.00 km,24,3.0
SCEK:PK0000098:279:99,VJ928,12:30:00,1400EB0235,Princes Park,50.779793,0.310013,1400EB0234,Desmond Road,50.7781987,0.3069691,0.27790445176336953,277.9,0.25-0.50 km,1,1.0
SCEK:PK0000098:64:502,VJ1129,16:03:00,2400A024750A,Upper Vicarage Road,51.169118,0.8859337,2400A039230A,Meadowbrook Road,51.1675878,0.884522,0.1965689702648274,196.57,Under 0.25 km,1,1.0
SCEK:PK0000098:341:5,VJ1405,08:55:00,1400EB0415,Trinity Place,50.7674472,0.2884428,1400EB0448,Ceylon Place,50.7692214,0.2910681,0.27019907523129466,270.2,0.25-0.50 km,1,1.0
SCEK:PK0000098:4:X3,VJ2623,15:00:00,2400A038920A,The Red Lion,51.2906296,0.9884827,240097385,Woodside,51.2865241,1.021909,2.368908454437125,2368.91,2.00 km or more,1,3.0
SCEK:PK0000098:406:1066,VJ465,16:10:00,2400A013850A,Forest Road,51.1150342,0.2591242,1400WE0495,Abergavenny Arms,51.0971553,0.267008,2.0628362150983355,2062.84,2.00 km or more,1,3.0
SCEK:PK0000098:332:400,VJ53,17:57:00,2400A041010A,Herne Drive,51.3602914,1.1066441,2400A041020A,Poplar Drive Shops,51.362278,1.109393,0.29193155598729176,291.93,0.25-0.50 km,1,1.0
SCEK:PK0000098:4:X3,VJ2252,18:55:00,2400A011570A,Crossroads,51.3212704,0.8264073,2400A011580A,Buckland Cottages,51.3196636,0.8337148,0.5383334294730757,538.33,0.50-1.00 km,1,1.0
SCEK:PK0000098:427:601,VJ959,09:00:00,2400A049520A,Magistrates Court,51.279802,1.08594,2400A049490A,St Thomas' School,51.2817264,1.086478,0.21723096815014212,217.23,Under 0.25 km,1,1.0
SCEK:PK0000098:27:8,VJ2,07:25:00,2400A060320R,Railway Station,51.3770508,1.3017648,2400A041930A,The Square,51.3739588,1.3074203,0.5218244349274954,521.82,0.50-1.00 km,32,2.0
SCEK:PK0000098:1:21A,VJ668,07:40:00,2400A050170A,Jesuit Close,51.2947772,1.086493,2400A050160A,Nethersole Close,51.2963529,1.0867709,0.176272335476272,176.27,Under 0.25 km,1,1.0
SCEK:PK0000098:343:69,VJ1318,12:56:00,2400A042750A,Royal Sea Bathing,51.3849497,1.367713,2400A042600A,Westcliff Road,51.3833358,1.3631526,0.36381546708268514,363.82,0.25-0.50 km,1,1.0
SCEK:PK0000098:431:319,VJ658,18:53:00,1400HA0153,London Road,50.866888,0.5559894,1400HA0151,St Matthew's Road,50.8641566,0.5570906,0.31339640209314545,313.4,0.25-0.50 km,2,1.0
SCEK:PK0000098:274:322,VJ1169,14:00:00,1400HA0326,Winchelsea Road,50.8770447,0.6115334,1400HA0323,Ivy Gardens,50.8790678,0.6135658,0.2663454435563439,266.35,0.25-0.50 km,1,1.0
SCEK:PK0000098:392:BK1,VJ338,14:21:00,2400A045980A,Ebbsfleet Roundabout,51.3110871,1.350299,2400100069,Betteshanger Turn,51.2273131,1.3026323,9.887930354457115,9887.93,2.00 km or more,1,13.0
SCEK:PK0000098:247:P3,VJ1335,12:52:00,2400A049750A,St Augustine's Road,51.273676,1.089538,2400A049770A,St Lawrence Road,51.2705832,1.0932444,0.4298272224763687,429.83,0.25-0.50 km,1,2.0
SCEK:PK0000098:146:LOOP,VJ983,17:52:00,2400A047680A,King's Road,51.3399495,1.4104967,2400A047700A,Chatham Court,51.3391062,1.4135074,0.2291954444123242,229.2,Under 0.25 km,1,1.0
SCEK:PK0000098:279:99,VJ775,12:50:00,1400EB0223,Pier,50.7675754,0.2929023,1400EB0221,Mansion Hotel,50.7649775,0.2896269,0.36947544541242017,369.48,0.25-0.50 km,1,1.0
SCEK:PK0000098:27:8,VJ238,08:09:00,2400A040130A,Post Office,51.3230186,1.196457,2400A040140A,Port Farm,51.3214438,1.1921988,0.343834669241375,343.83,0.25-0.50 km,1,1.0
SCEK:PK0000098:279:99,VJ904,08:30:00,1400HA0005,Aldi,50.8499847,0.5201706,1400HA0003,Bridge Way,50.8490146,0.5180298,0.18499720140409726,185.0,Under 0.25 km,1,1.0
SCEK:PK0000098:427:600,VJ60,19:56:00,2400A048920A,Richmond Street,51.3712848,1.12482,2400A048950A,Fire Station,51.371426,1.1292988,0.3112955894960068,311.3,0.25-0.50 km,1,1.0
SCEK:PK0000098:137:5,VJ1907,09:02:00,2400A040570A,Tollgate Close,51.3506238,1.0206689,2400A048510A,Harwich Street,51.3533182,1.0246528,0.4078048043412099,407.8,0.25-0.50 km,1,3.0
SCEK:PK0000098:363:501,VJ168,12:43:00,2400A026620A,Vicarage Lane,51.147596,0.8745517,2400A063210R,Ashford International Railway Station,51.1439841,0.8758572,0.41182088417905804,411.82,0.25-0.50 km,1,3.0
SCEK:PK0000098:280:328,VJ401,16:33:00,1400HA0394,Castle Hill Road,50.8573182,0.5841562,1400HA0396,Albert Road,50.8554402,0.5824466,0.2408492871827169,240.85,Under 0.25 km,1,1.0
SCEK:PK0000098:27:8,VJ322,19:23:00,2400A040140A,Port Farm,51.3214438,1.1921988,2400100220,Lakesview Business Park,51.3172939,1.1724756,1.4462470347282226,1446.25,1.00-2.00 km,1,2.0
SCEK:PK0000098:427:600,VJ745,19:00:00,2400A049070A,Strode Park,51.353404,1.1315317,2400A049050A,Cemetery Gates,51.3566592,1.1302167,0.37330276179974486,373.3,0.25-0.50 km,1,1.0
SCEK:PK0000098:64:502,VJ1096,10:25:00,240099876,Wellesley Road,51.1493284,0.8757892,2400A025930A,North Street,51.1519148,0.8733901,0.3327349397847832,332.73,0.25-0.50 km,1,1.0
SCEK:PK0000098:234:12,VJ608,16:50:00,240096963,School Passage,51.265215,1.099636,240096691,Old Gate Inn,51.2630222,1.1022845,0.30563170935915557,305.63,0.25-0.50 km,1,1.0
SCEK:PK0000098:434:104,VJ950,18:52:00,2400A030620A,Malvern Road,51.124913,1.303579,2400A030630A,Dover Priory Railway Station,51.125545,1.3063404,0.20512695108083875,205.13,Under 0.25 km,1,1.0
SCEK:PK0000098:4:X3,VJ2689,07:30:00,2400A039000A,School Lane,51.296655,0.949522,2400A038860A,Nine Ash Lane,51.2983037,0.9376187,0.8476710305973205,847.67,0.50-1.00 km,1,2.0
SCEK:PK0000098:91:9,VJ347,13:50:00,2400A046310A,St Augustine's Park,51.3292313,1.4044887,2400A046260A,St Mildred's Avenue,51.3299263,1.4000748,0.3162611299278752,316.26,0.25-0.50 km,1,1.0
SCEK:PK0000098:332:401,VJ741,16:41:00,2400A050270A,Innovation Centre,51.2923204,1.0660148,2400A050300A,Keynes College,51.2946568,1.0660988,0.2598618351169828,259.86,0.25-0.50 km,1,1.0
SCEK:PK0000098:15:102,VJ394,15:21:00,2400A025050A,The Fairway,51.015749,0.985909,2400A025030A,High Knock,51.021382,0.99175,0.7478381780819781,747.84,0.50-1.00 km,1,2.0
SCEK:PK0000098:434:105,VJ1098,08:38:00,240097050,Joyes Road,51.089846,1.18944,240099303,Stanbury Crescent Top,51.0932112,1.193029,0.45038625379111585,450.39,0.25-0.50 km,1,2.0
SCEK:PK0000098:407:1066,VJ940,12:34:00,1400RR0329,Royal George,51.0171147,0.4708626,1400RR84143,Silver Hill Farm,51.0076292,0.4753907,1.1012846641611005,1101.28,1.00-2.00 km,1,1.0
SCEK:PK0000098:279:99,VJ817,08:10:00,1400EB10001,St Aubyn's Road,50.7715188,0.2968112,1400EB0228,Cambridge Road,50.7735073,0.2990504,0.27144796368202134,271.45,0.25-0.50 km,1,1.0
SCEK:PK0000098:262:1,VJ183,13:07:00,1400EB0014,Motcombe Road,50.7740401,0.2607649,1400EB0012,Greenfield Road,50.7726694,0.2618761,0.17127730623007983,171.28,Under 0.25 km,1,1.0
SCEK:PK0000098:325:329,VJ760,12:39:00,1400HA0452,St Anne's House,50.8879875,0.5634152,1400HA0453,Conquest Hospital,50.8862489,0.5680404,0.37767613823243107,377.68,0.25-0.50 km,1,1.0
SCEK:PK0000098:28:71,VJ68,20:16:00,2400A028880A,Folkestone Central Railway Station,51.0822483,1.1714952,2400A028890A,Connaught Road,51.081048,1.174954,0.2760247077261717,276.02,0.25-0.50 km,1,1.0
SCEK:PK0000098:146:LOOP,VJ1049,08:20:00,2400A045050A,Mayville Road,51.3694051,1.4229476,2400A046860A,Railway Bridge,51.3677181,1.4234253,0.1904947751726584,190.49,Under 0.25 km,1,1.0
SCEK:PK0000098:279:99,VJ848,13:30:00,1400RR0041,Wheatsheaf,50.8453818,0.4336618,1400RR0036,Howards Crescent,50.8447506,0.429424,0.3057051638183356,305.71,0.25-0.50 km,1,1.0
SCEK:PK0000098:279:99,VJ950,16:15:00,1400RR0386,Coneyburrow Lane,50.8452594,0.4109682,1400RR0033,Sandhurst Lane,50.8448419,0.4189731,0.56394427936689,563.94,0.50-1.00 km,1,2.0
SCEK:PK0000098:427:600,VJ824,13:01:00,2400A049040A,Cemetery Gates,51.3567971,1.1304416,2400A049060A,Strode Park,51.3536928,1.131494,0.3528338798531265,352.83,0.25-0.50 km,1,1.0
SCEK:PK0000098:27:8,VJ26,13:14:00,2400100184,Netherhale Farm,51.3578662,1.2732022,2400A041790A,The Length,51.3509081,1.2585569,1.2778472814978188,1277.85,1.00-2.00 km,1,2.0
SCEK:PK0000098:427:600,VJ871,08:45:00,2400A049440A,Asda,51.2891204,1.0970154,2400A049410A,Reed Avenue,51.291768,1.1030035,0.5099634131089713,509.96,0.50-1.00 km,1,1.0
SCEK:PK0000098:28:71,VJ279,19:12:00,2400A028200A,Limes Road,51.086073,1.153819,240099311,St George's Road,51.0866212,1.1501716,0.2619512241307092,261.95,0.25-0.50 km,1,1.0
SCEK:PK0000098:362:100,VJ1591,08:55:00,2400A024110A,The Marsh Academy,50.9867312,0.9469799,2400100463,Greenly Way,50.9850151,0.952956,0.4597865223931438,459.79,0.25-0.50 km,1,2.0
SCEK:PK0000098:281:323,VJ1289,16:34:00,1400HA0447,Stonefield Road,50.8620708,0.5839927,1400HA0445,Morrisons,50.8593347,0.5836708,0.3050786061189253,305.08,0.25-0.50 km,1,1.0
SCEK:PK0000098:43:34,VJ1235,12:36:00,2400A046520A,Hobart Road,51.3462994,1.3888488,2400A046530A,Quetta Road,51.3470803,1.3864216,0.1896258189733812,189.63,Under 0.25 km,1,1.0
SCEK:PK0000098:407:1066,VJ958,19:45:00,1400RR0329,Royal George,51.0171147,0.4708626,1400RR84143,Silver Hill Farm,51.0076292,0.4753907,1.1012846641611005,1101.28,1.00-2.00 km,1,1.0
SCEK:PK0000098:262:1A,VJ307,13:46:00,1400EB0392,Sorrel Drive,50.8055017,0.2993718,1400EB10098,Primrose Close,50.8042791,0.2961467,0.26427922703509643,264.28,0.25-0.50 km,1,1.0
SCEK:PK0000098:371:48A,VJ387,07:29:00,2400103309,Church,51.3458359,1.3696971,2400103914,Museums,51.3487431,1.3458076,1.6903782183904699,1690.38,1.00-2.00 km,1,3.0
SCEK:PK0000098:432:321,VJ247,17:00:00,1400HA0451,St Anne's House,50.8878972,0.562614,1400HA0194,Baldslow Post Office,50.889096,0.55647,0.4511174228035038,451.12,0.25-0.50 km,1,2.0
SCEK:PK0000098:434:105,VJ1205,23:20:00,2400A060580A,Dover Priory Railway Station,51.125293,1.306037,240097283,Malvern Road,51.1248702,1.3041194,0.14184416912459985,141.84,Under 0.25 km,1,1.0
SCEK:PK0000098:434:105,VJ1086,17:08:00,240099249,Grove Road,51.0858151,1.1865209,240099239,Stuart Road,51.0883159,1.188164,0.3008278080650735,300.83,0.25-0.50 km,1,1.0
SCEK:PK0000098:4:X3,VJ2232,10:30:00,2400106871,Syndale Bottom,51.3152128,0.8551264,2400A011610A,Buckland Cottages,51.3192652,0.834939,1.4735667030994342,1473.57,1.00-2.00 km,1,2.0
SCEK:PK0000098:332:400,VJ479,13:57:00,240097414,Riley Avenue,51.3632871,1.0855394,2400A048800A,Woodman Avenue,51.3640676,1.0753619,0.7119074520302148,711.91,0.50-1.00 km,1,2.0
SCEK:PK0000098:6:89,VJ512,16:10:00,240096691,Old Gate Inn,51.2630222,1.1022845,240096997,Renville Cottages,51.2566348,1.1121464,0.9876100483988304,987.61,0.50-1.00 km,2,1.0
SCEK:PK0000098:4:X3,VJ2204,10:10:00,2400A022280A,Saxon Road,51.3146212,0.8865778,240096764,The Three Tuns,51.3155803,0.8856191,0.12575081652224768,125.75,Under 0.25 km,1,1.0
SCEK:PK0000098:28:71,VJ72,08:54:00,2400A028120A,Ilex Road,51.0873605,1.1474369,2400A028130A,St George's Road,51.0866811,1.1506184,0.23470560762860587,234.71,Under 0.25 km,1,1.0
SCEK:PK0000098:143:915,VJ2378,07:19:00,2400A040800A,Highgate Road,51.3557641,1.0520507,2400A040810A,Lismore Road,51.3522601,1.0515591,0.3911202122488647,391.12,0.25-0.50 km,1,2.0
SCEK:PK0000098:332:401,VJ359,16:44:00,2400A048240A,Blean School,51.2989251,1.0504289,2400A048210A,Rough Common Turn,51.2946261,1.0542038,0.5453420095339954,545.34,0.50-1.00 km,1,1.0
SCEK:PK0000098:279:99,VJ803,05:00:00,1400HA0102,Greeba Court,50.8508805,0.5525991,1400HA0105,Marina Pavilion,50.8509865,0.5567963,0.29488714945398387,294.89,0.25-0.50 km,1,1.0
SCEK:PK0000098:332:401,VJ654,15:34:00,2400A048490A,Tollgate,51.3506814,1.0222671,2400A048470A,Borstal Hill,51.3442471,1.0216999,0.7165461727081736,716.55,0.50-1.00 km,1,1.0
SCEK:PK0000098:268:LINK,VJ586,14:00:00,1400EB0096,Burton Road,50.7816842,0.2705251,1400EB0093,District General Hospital,50.7863739,0.2670919,0.5746203807980395,574.62,0.50-1.00 km,1,3.0
SCEK:PK0000098:43:34,VJ1230,11:27:00,2400A044710A,Invicta Road,51.3765238,1.4024658,2400A044720A,Kent Road,51.3787119,1.4005296,0.2779513757305489,277.95,0.25-0.50 km,1,2.0
SCEK:PK0000098:247:P3,VJ1438,10:57:00,2400A049750A,St Augustine's Road,51.273676,1.089538,2400A049770A,St Lawrence Road,51.2705832,1.0932444,0.4298272224763687,429.83,0.25-0.50 km,1,2.0
SCEK:PK0000098:430:324,VJ1737,11:31:00,1400HA84365,Priory Meadow,50.856792,0.581541,1400HA0446,Morrisons,50.8602527,0.5840484,0.42314934958889966,423.15,0.25-0.50 km,1,1.0
SCEK:PK0000098:146:LOOP,VJ1130,15:05:00,2400100190,Swinburne Avenue,51.3539159,1.4324515,2400A047280A,East Kent College,51.3545875,1.4346998,0.17306691689235584,173.07,Under 0.25 km,1,1.0
SCEK:PK0000098:329:1B,VJ58,11:14:00,1400WE0113,Police Station,50.8619022,0.2584188,1400WE0108,Church,50.8604896,0.2551958,0.2753973731098078,275.4,0.25-0.50 km,1,2.0
SCEK:PK0000098:274:322,VJ1221,10:56:00,1400HA0445,Morrisons,50.8593347,0.5836708,1400HA84361,Priory Meadow,50.8566282,0.5816029,0.334123797942999,334.12,0.25-0.50 km,1,1.0
SCEK:PK0000098:332:400,VJ604,16:08:00,2400102664,Estuary View Medical Centre,51.341947,1.013592,240096719,Long Reach,51.3409848,1.0208964,0.5185298031744635,518.53,0.50-1.00 km,1,1.0
SCEK:PK0000098:27:8A,VJ170,12:55:00,2400A042700A,Cliffe Avenue,51.3830604,1.3583312,2400A042710A,Rancorn Road,51.3840067,1.3626556,0.3180143498409573,318.01,0.25-0.50 km,1,1.0
SCEK:PK0000098:363:501E,VJ201,19:03:00,2400100816,Bradbridge Green,51.1389714,0.8369572,240096294,The Bulrushes,51.140935,0.839065,0.26324525010399286,263.25,0.25-0.50 km,1,1.0
SCEK:PK0000098:332:400,VJ3,08:54:00,2400A041000A,Longmead Close,51.361115,1.1054355,2400A041010A,Herne Drive,51.3602914,1.1066441,0.12421249725619529,124.21,Under 0.25 km,6,1.0
SCEK:PK0000098:64:502,VJ953,10:38:00,2400100812,County Square,51.1475266,0.8689561,2400A060560A,Bank Street Arrivals,51.1475665,0.8702599,0.09105415845057072,91.05,Under 0.25 km,1,1.0
SCEK:PK0000098:28:71A,VJ430,18:05:00,2400A027750A,Royal Military Avenue,51.085666,1.1361964,240099327,Wellington Road,51.0853763,1.1382762,0.1487991555810789,148.8,Under 0.25 km,1,1.0
SCEK:PK0000098:437:D,VJ2064,13:20:00,2400109647,Burgoyne Heights,51.1386455,1.3185717,2400109649,Dover Road,51.1447179,1.3177281,0.6777809486317118,677.78,0.50-1.00 km,1,2.0
SCEK:PK0000098:324:101,VJ1029,09:49:00,1400RR10121,New Beach Club,50.89131,0.6899052,1400HA80566,Colonel Body Memorial Lakes,50.900762,0.7066793,1.5775404076832462,1577.54,1.00-2.00 km,1,1.0
SCEK:PK0000098:405:331,VJ1359,14:25:00,1400HA0284,Fellows Road,50.8707319,0.592119,1400HA0287,Firtree Road,50.8696817,0.5899997,0.1890866558647191,189.09,Under 0.25 km,1,1.0
SCEK:PK0000098:341:5,VJ1405,08:55:00,1400EB75131,Tideswell Road,50.7707228,0.2892693,1400EB0446,Bourne Street,50.7725648,0.2893592,0.20491887788438742,204.92,Under 0.25 km,1,1.0
SCEK:PK0000098:268:LINK,VJ608,21:10:00,1400EB0097,King's Avenue,50.7807965,0.2736173,1400EB0099,St Thomas A Becket School,50.7786167,0.2783914,0.4140276009393653,414.03,0.25-0.50 km,1,1.0
SCEK:PK0000098:270:51,VJ1070,12:10:00,1400WE75210,Criers Lane,51.0053638,0.2198508,1400WE75212,Skippers Hill,51.00889,0.22173,0.4135536862326474,413.55,0.25-0.50 km,1,1.0
SCEK:PK0000098:202:503,VJ832,19:13:00,2400100750,Sandy Lane,51.1423602,0.9091288,2400A025200A,William Harvey Hospital,51.1412216,0.9140329,0.36480060324500985,364.8,0.25-0.50 km,1,4.0
SCEK:PK0000098:434:105,VJ1078,15:08:00,240099694,Health Centre,51.0827221,1.1815241,240099696,Dover Road Post Office,51.0839701,1.1845803,0.25462003734565114,254.62,0.25-0.50 km,1,1.0
