line_ref,record_count,high_duration_records,high_duration_percentage,average_runtime_minutes,maximum_runtime_minutes
SCEK:PK0000098:246:P2,2416,1208,50.0,4.0,6.0
SCEK:PK0000098:247:P3,4188,1196,28.5578,2.2846,4.0
SCEK:PK0000098:322:666,851,135,15.8637,2.1739,7.0
SCEK:PK0000098:212:511,1035,164,15.8454,2.2454,10.0
SCEK:PK0000098:362:100,1612,230,14.268,1.9901,10.0
SCEK:PK0000098:234:12,1022,132,12.9159,2.0489,11.0
SCEK:PK0000098:105:UNI1,1828,224,12.2538,1.9344,5.0
SCEK:PK0000098:2:22,2598,314,12.0862,1.7306,6.0
SCEK:PK0000098:442:2A,756,91,12.037,2.0423,10.0
SCEK:PK0000098:137:5,2038,228,11.1874,1.9607,14.0
SCEK:PK0000098:202:503,4137,456,11.0225,1.7684,12.0
SCEK:PK0000098:325:329,1171,128,10.9308,1.6874,6.0
SCEK:PK0000098:64:502,5008,534,10.6629,1.6677,10.0
SCEK:PK0000098:264:51,2940,305,10.3741,1.8248,15.0
SCEK:PK0000098:354:313,561,52,9.2692,1.7576,4.0
SCEK:PK0000098:343:69,2976,264,8.871,1.7796,14.0
SCEK:PK0000098:104:15,4697,404,8.6012,1.5318,7.0
SCEK:PK0000098:444:10,2788,239,8.5725,1.6331,9.0
SCEK:PK0000098:453:92,700,60,8.5714,1.5429,5.0
SCEK:PK0000098:446:52,3259,276,8.4689,1.8183,17.0
SCEK:PK0000098:454:66,510,42,8.2353,2.0902,12.0
SCEK:PK0000098:363:501,4992,397,7.9527,1.5543,9.0
SCEK:PK0000098:30:1X,949,75,7.9031,1.7408,7.0
SCEK:PK0000098:223:18,664,50,7.5301,1.9337,11.0
SCEK:PK0000098:325:329A,1242,93,7.4879,1.5982,6.0
SCEK:PK0000098:369:45,729,54,7.4074,1.6365,8.0
SCEK:PK0000098:392:BK1,581,40,6.8847,1.9122,25.0
SCEK:PK0000098:440:507,828,57,6.8841,1.465,8.0
SCEK:PK0000098:6:89,809,54,6.6749,1.6885,8.0
SCEK:PK0000098:370:48,538,35,6.5056,1.474,7.0
SCEK:PK0000098:329:1B,2931,189,6.4483,1.5623,7.0
SCEK:PK0000098:405:331,1320,84,6.3636,1.5182,6.0
SCEK:PK0000098:270:51,2311,142,6.1445,1.5469,12.0
SCEK:PK0000098:408:349,1387,85,6.1283,1.5162,5.0
SCEK:PK0000098:70:510,1503,91,6.0546,1.7046,18.0
SCEK:PK0000098:429:53,3079,186,6.0409,1.5443,14.0
SCEK:PK0000098:284:100,2820,169,5.9929,1.4986,6.0
SCEK:PK0000098:374:95,682,40,5.8651,1.6202,9.0
SCEK:PK0000098:344:43,4040,236,5.8416,1.4502,13.0
SCEK:PK0000098:345:81,5660,330,5.8304,1.5127,6.0
SCEK:PK0000098:274:322C,788,40,5.0761,1.4543,7.0
SCEK:PK0000098:430:324,2726,137,5.0257,1.4233,10.0
SCEK:PK0000098:427:601,6622,330,4.9834,1.5663,5.0
SCEK:PK0000098:363:501E,967,47,4.8604,1.3309,8.0
SCEK:PK0000098:413:36,817,39,4.7736,1.6793,17.0
SCEK:PK0000098:274:322,6834,306,4.4776,1.4582,7.0
SCEK:PK0000098:279:99E,762,34,4.4619,1.3491,5.0
SCEK:PK0000098:324:101,2224,97,4.3615,1.4559,4.0
SCEK:PK0000098:403:8,2151,88,4.0911,1.3454,10.0
SCEK:PK0000098:427:600,12414,496,3.9955,1.5615,6.0
SCEK:PK0000098:399:64,1732,68,3.9261,1.4018,8.0
SCEK:PK0000098:4:X3,9440,350,3.7076,1.5826,13.0
SCEK:PK0000098:268:LINK,8939,312,3.4903,1.3871,13.0
SCEK:PK0000098:43:34,4477,150,3.3505,1.4188,6.0
SCEK:PK0000098:406:1066,1435,46,3.2056,1.646,9.0
SCEK:PK0000098:13:16,8796,262,2.9786,1.4436,7.0
SCEK:PK0000098:262:1A,7356,219,2.9772,1.4311,12.0
SCEK:PK0000098:262:1,7283,204,2.801,1.3891,16.0
SCEK:PK0000098:30:24,558,15,2.6882,1.4695,7.0
SCEK:PK0000098:279:99,12497,293,2.3446,1.32,7.0
SCEK:PK0000098:334:602,8310,176,2.1179,1.3783,5.0
SCEK:PK0000098:407:1066,1986,37,1.863,1.4924,8.0
SCEK:PK0000098:15:102,4547,84,1.8474,1.3917,6.0
SCEK:PK0000098:434:105,5044,91,1.8041,1.3343,4.0
SCEK:PK0000098:326:UNI2,2020,36,1.7822,1.4337,4.0
SCEK:PK0000098:280:328,1826,31,1.6977,1.3039,5.0
SCEK:PK0000098:332:401,12478,204,1.6349,1.3446,6.0
SCEK:PK0000098:27:8,8385,121,1.4431,1.3699,6.0
SCEK:PK0000098:332:400,16664,240,1.4402,1.3673,7.0
SCEK:PK0000098:341:5B,1401,20,1.4276,1.1506,7.0
SCEK:PK0000098:281:323,2752,33,1.1991,1.286,6.0
SCEK:PK0000098:27:8A,5633,64,1.1362,1.3739,5.0
SCEK:PK0000098:434:104,8364,92,1.1,1.2846,4.0
SCEK:PK0000098:277:98,6792,73,1.0748,1.2697,10.0
SCEK:PK0000098:27:8X,3278,24,0.7322,1.3484,5.0
SCEK:PK0000098:445:7,1047,6,0.5731,1.0726,8.0
SCEK:PK0000098:76:25,2834,14,0.494,1.2449,4.0
SCEK:PK0000098:146:LOOP,37256,161,0.4321,1.233,9.0
SCEK:PK0000098:3:23,2068,6,0.2901,1.3965,5.0
SCEK:PK0000098:26:32,1845,5,0.271,1.1978,5.0
SCEK:PK0000098:1:21A,2358,4,0.1696,1.3919,4.0
SCEK:PK0000098:181:91,623,1,0.1605,1.3371,4.0
SCEK:PK0000098:1:21,1836,2,0.1089,1.2026,4.0
SCEK:PK0000098:39:63,1114,1,0.0898,1.2962,5.0
SCEK:PK0000098:437:D,3236,2,0.0618,1.6143,4.0
SCEK:PK0000098:432:321,5140,0,0.0,1.3494,3.0
SCEK:PK0000098:15:103,4815,0,0.0,1.3192,3.0
SCEK:PK0000098:431:319,4805,0,0.0,1.3076,3.0
SCEK:PK0000098:46:61,3715,0,0.0,1.2915,3.0
SCEK:PK0000098:28:71,3436,0,0.0,1.2928,2.0
SCEK:PK0000098:14:17,3029,0,0.0,1.3466,3.0
SCEK:PK0000098:422:P1,2808,0,0.0,2.5,3.0
SCEK:PK0000098:28:71A,2125,0,0.0,1.32,2.0
SCEK:PK0000098:269:6,2013,0,0.0,1.2861,3.0
SCEK:PK0000098:263:3,1483,0,0.0,1.1807,2.0
SCEK:PK0000098:435:65,1172,0,0.0,1.5,3.0
SCEK:PK0000098:341:5,874,0,0.0,1.1945,3.0
SCEK:PK0000098:402:4,522,0,0.0,1.1724,3.0
