line_ref,record_count,unique_segments,unique_vehicle_journeys,average_runtime_minutes,median_runtime_minutes,standard_deviation_minutes,minimum_runtime_minutes,maximum_runtime_minutes,high_duration_records,high_duration_percentage
SCEK:PK0000098:146:LOOP,37256,148,687,1.233,1.0,0.486,1.0,9.0,161,0.4321
SCEK:PK0000098:332:400,16664,107,380,1.3673,1.0,0.7007,1.0,7.0,240,1.4402
SCEK:PK0000098:279:99,12497,153,207,1.32,1.0,0.7655,1.0,7.0,293,2.3446
SCEK:PK0000098:332:401,12478,71,374,1.3446,1.0,0.6472,1.0,6.0,204,1.6349
SCEK:PK0000098:427:600,12414,77,402,1.5615,1.0,0.8144,1.0,6.0,496,3.9955
SCEK:PK0000098:4:X3,9440,135,214,1.5826,1.0,1.1456,1.0,13.0,350,3.7076
SCEK:PK0000098:268:LINK,8939,129,190,1.3871,1.0,0.8397,1.0,13.0,312,3.4903
SCEK:PK0000098:13:16,8796,89,264,1.4436,1.0,0.895,1.0,7.0,262,2.9786
SCEK:PK0000098:27:8,8385,120,177,1.3699,1.0,0.6153,1.0,6.0,121,1.4431
SCEK:PK0000098:434:104,8364,87,192,1.2846,1.0,0.5826,1.0,4.0,92,1.1
SCEK:PK0000098:334:602,8310,83,230,1.3783,1.0,0.6679,1.0,5.0,176,2.1179
SCEK:PK0000098:262:1A,7356,111,156,1.4311,1.0,0.9971,1.0,12.0,219,2.9772
SCEK:PK0000098:262:1,7283,104,191,1.3891,1.0,1.0416,1.0,16.0,204,2.801
SCEK:PK0000098:274:322,6834,97,176,1.4582,1.0,0.9587,1.0,7.0,306,4.4776
SCEK:PK0000098:277:98,6792,113,142,1.2697,1.0,0.6869,1.0,10.0,73,1.0748
SCEK:PK0000098:427:601,6622,65,232,1.5663,1.0,0.8012,1.0,5.0,330,4.9834
SCEK:PK0000098:345:81,5660,97,134,1.5127,1.0,0.9625,1.0,6.0,330,5.8304
SCEK:PK0000098:27:8A,5633,170,100,1.3739,1.0,0.6327,1.0,5.0,64,1.1362
SCEK:PK0000098:432:321,5140,75,149,1.3494,1.0,0.5228,1.0,3.0,0,0.0
SCEK:PK0000098:434:105,5044,57,222,1.3343,1.0,0.6187,1.0,4.0,91,1.8041
SCEK:PK0000098:64:502,5008,59,199,1.6677,1.0,1.2482,1.0,10.0,534,10.6629
SCEK:PK0000098:363:501,4992,76,172,1.5543,1.0,1.1267,1.0,9.0,397,7.9527
SCEK:PK0000098:15:103,4815,129,86,1.3192,1.0,0.5328,1.0,3.0,0,0.0
SCEK:PK0000098:431:319,4805,60,196,1.3076,1.0,0.5205,1.0,3.0,0,0.0
SCEK:PK0000098:104:15,4697,57,202,1.5318,1.0,1.1962,1.0,7.0,404,8.6012
SCEK:PK0000098:15:102,4547,108,84,1.3917,1.0,0.7611,1.0,6.0,84,1.8474
SCEK:PK0000098:43:34,4477,95,100,1.4188,1.0,0.7948,1.0,6.0,150,3.3505
SCEK:PK0000098:247:P3,4188,11,1196,2.2846,2.0,1.1611,1.0,4.0,1196,28.5578
SCEK:PK0000098:202:503,4137,40,269,1.7684,1.0,1.286,1.0,12.0,456,11.0225
SCEK:PK0000098:344:43,4040,70,147,1.4502,1.0,0.9576,1.0,13.0,236,5.8416
SCEK:PK0000098:46:61,3715,40,181,1.2915,1.0,0.55,1.0,3.0,0,0.0
SCEK:PK0000098:28:71,3436,26,284,1.2928,1.0,0.4551,1.0,2.0,0,0.0
SCEK:PK0000098:27:8X,3278,150,54,1.3484,1.0,0.5773,1.0,5.0,24,0.7322
SCEK:PK0000098:446:52,3259,103,89,1.8183,1.0,1.9048,1.0,17.0,276,8.4689
SCEK:PK0000098:437:D,3236,26,252,1.6143,1.0,0.6861,1.0,4.0,2,0.0618
SCEK:PK0000098:429:53,3079,126,58,1.5443,1.0,1.0154,1.0,14.0,186,6.0409
SCEK:PK0000098:14:17,3029,98,66,1.3466,1.0,0.5422,1.0,3.0,0,0.0
SCEK:PK0000098:343:69,2976,82,80,1.7796,1.0,2.08,1.0,14.0,264,8.871
SCEK:PK0000098:264:51,2940,118,84,1.8248,1.0,1.7607,1.0,15.0,305,10.3741
SCEK:PK0000098:329:1B,2931,83,90,1.5623,1.0,0.9855,1.0,7.0,189,6.4483
SCEK:PK0000098:76:25,2834,14,260,1.2449,1.0,0.5247,1.0,4.0,14,0.494
SCEK:PK0000098:284:100,2820,92,74,1.4986,1.0,0.8872,1.0,6.0,169,5.9929
SCEK:PK0000098:422:P1,2808,8,702,2.5,3.0,0.7057,1.0,3.0,0,0.0
SCEK:PK0000098:444:10,2788,151,47,1.6331,1.0,1.2916,1.0,9.0,239,8.5725
SCEK:PK0000098:281:323,2752,83,74,1.286,1.0,0.6544,1.0,6.0,33,1.1991
SCEK:PK0000098:430:324,2726,82,121,1.4233,1.0,0.9703,1.0,10.0,137,5.0257
SCEK:PK0000098:2:22,2598,16,216,1.7306,1.0,1.0486,1.0,6.0,314,12.0862
SCEK:PK0000098:246:P2,2416,4,1208,4.0,3.0,1.5815,2.0,6.0,1208,50.0
SCEK:PK0000098:1:21A,2358,30,84,1.3919,1.0,0.5202,1.0,4.0,4,0.1696
SCEK:PK0000098:270:51,2311,79,75,1.5469,1.0,0.9367,1.0,12.0,142,6.1445
SCEK:PK0000098:324:101,2224,97,64,1.4559,1.0,0.7365,1.0,4.0,97,4.3615
SCEK:PK0000098:403:8,2151,94,46,1.3454,1.0,1.033,1.0,10.0,88,4.0911
SCEK:PK0000098:28:71A,2125,25,170,1.32,1.0,0.4666,1.0,2.0,0,0.0
SCEK:PK0000098:3:23,2068,14,170,1.3965,1.0,0.6309,1.0,5.0,6,0.2901
SCEK:PK0000098:137:5,2038,94,64,1.9607,1.0,1.7532,1.0,14.0,228,11.1874
SCEK:PK0000098:326:UNI2,2020,46,112,1.4337,1.0,0.6795,1.0,4.0,36,1.7822
SCEK:PK0000098:269:6,2013,88,48,1.2861,1.0,0.5601,1.0,3.0,0,0.0
SCEK:PK0000098:407:1066,1986,108,51,1.4924,1.0,0.7566,1.0,8.0,37,1.863
SCEK:PK0000098:26:32,1845,56,100,1.1978,1.0,0.4777,1.0,5.0,5,0.271
SCEK:PK0000098:1:21,1836,29,68,1.2026,1.0,0.418,1.0,4.0,2,0.1089
SCEK:PK0000098:105:UNI1,1828,29,164,1.9344,1.0,1.2256,1.0,5.0,224,12.2538
SCEK:PK0000098:280:328,1826,48,89,1.3039,1.0,0.6606,1.0,5.0,31,1.6977
SCEK:PK0000098:399:64,1732,41,94,1.4018,1.0,0.9969,1.0,8.0,68,3.9261
SCEK:PK0000098:362:100,1612,46,79,1.9901,1.0,1.883,1.0,10.0,230,14.268
SCEK:PK0000098:70:510,1503,110,36,1.7046,1.0,1.1402,1.0,18.0,91,6.0546
SCEK:PK0000098:263:3,1483,35,91,1.1807,1.0,0.3849,1.0,2.0,0,0.0
SCEK:PK0000098:406:1066,1435,72,50,1.646,1.0,0.966,1.0,9.0,46,3.2056
SCEK:PK0000098:341:5B,1401,68,56,1.1506,1.0,0.7374,1.0,7.0,20,1.4276
SCEK:PK0000098:408:349,1387,78,38,1.5162,1.0,0.9007,1.0,5.0,85,6.1283
SCEK:PK0000098:405:331,1320,34,84,1.5182,1.0,1.1504,1.0,6.0,84,6.3636
SCEK:PK0000098:325:329A,1242,33,86,1.5982,1.0,1.2747,1.0,6.0,93,7.4879
SCEK:PK0000098:435:65,1172,16,146,1.5,1.0,0.6137,1.0,3.0,0,0.0
SCEK:PK0000098:325:329,1171,85,33,1.6874,1.0,1.3261,1.0,6.0,128,10.9308
SCEK:PK0000098:39:63,1114,21,74,1.2962,1.0,0.5089,1.0,5.0,1,0.0898
SCEK:PK0000098:445:7,1047,34,83,1.0726,1.0,0.3691,1.0,8.0,6,0.5731
SCEK:PK0000098:212:511,1035,89,40,2.2454,2.0,1.8122,1.0,10.0,164,15.8454
SCEK:PK0000098:234:12,1022,47,48,2.0489,1.0,2.309,1.0,11.0,132,12.9159
SCEK:PK0000098:363:501E,967,42,34,1.3309,1.0,0.8917,1.0,8.0,47,4.8604
SCEK:PK0000098:30:1X,949,62,32,1.7408,1.0,1.2162,1.0,7.0,75,7.9031
SCEK:PK0000098:341:5,874,46,38,1.1945,1.0,0.4451,1.0,3.0,0,0.0
SCEK:PK0000098:322:666,851,107,35,2.1739,2.0,1.6104,1.0,7.0,135,15.8637
SCEK:PK0000098:440:507,828,44,43,1.465,1.0,1.0455,1.0,8.0,57,6.8841
SCEK:PK0000098:413:36,817,110,24,1.6793,1.0,1.9871,1.0,17.0,39,4.7736
SCEK:PK0000098:6:89,809,39,54,1.6885,1.0,1.5284,1.0,8.0,54,6.6749
SCEK:PK0000098:274:322C,788,81,21,1.4543,1.0,0.9427,1.0,7.0,40,5.0761
SCEK:PK0000098:279:99E,762,121,14,1.3491,1.0,0.7984,1.0,5.0,34,4.4619
SCEK:PK0000098:442:2A,756,98,30,2.0423,2.0,1.4902,1.0,10.0,91,12.037
SCEK:PK0000098:369:45,729,58,32,1.6365,1.0,1.0949,1.0,8.0,54,7.4074
SCEK:PK0000098:453:92,700,35,40,1.5429,1.0,1.1051,1.0,5.0,60,8.5714
SCEK:PK0000098:374:95,682,78,20,1.6202,1.0,1.0201,1.0,9.0,40,5.8651
SCEK:PK0000098:223:18,664,72,20,1.9337,1.0,1.7546,1.0,11.0,50,7.5301
SCEK:PK0000098:181:91,623,63,20,1.3371,1.0,0.5398,1.0,4.0,1,0.1605
SCEK:PK0000098:392:BK1,581,78,16,1.9122,1.0,3.1869,1.0,25.0,40,6.8847
SCEK:PK0000098:354:313,561,41,76,1.7576,1.0,1.0027,1.0,4.0,52,9.2692
SCEK:PK0000098:30:24,558,41,30,1.4695,1.0,0.7983,1.0,7.0,15,2.6882
SCEK:PK0000098:370:48,538,65,23,1.474,1.0,1.1003,1.0,7.0,35,6.5056
SCEK:PK0000098:402:4,522,29,18,1.1724,1.0,0.4605,1.0,3.0,0,0.0
SCEK:PK0000098:454:66,510,24,46,2.0902,1.0,2.7402,1.0,12.0,42,8.2353
SCEK:PK0000098:137:5A,470,39,24,1.4511,1.0,0.5774,1.0,3.0,0,0.0
SCEK:PK0000098:441:2,464,85,17,1.7931,1.0,1.1194,1.0,8.0,36,7.7586
SCEK:PK0000098:385:93,449,51,22,2.0535,1.0,1.4021,1.0,7.0,67,14.922
SCEK:PK0000098:263:3A,444,17,59,1.3243,1.0,0.4686,1.0,2.0,0,0.0
SCEK:PK0000098:428:94,432,50,17,1.8079,1.0,1.7254,1.0,8.0,46,10.6481
SCEK:PK0000098:91:9,432,36,24,1.6111,1.0,1.8472,1.0,9.0,24,5.5556
SCEK:PK0000098:188:73,428,38,26,1.4977,1.0,0.8697,1.0,7.0,24,5.6075
SCEK:PK0000098:64:502E,420,38,13,1.2786,1.0,0.6302,1.0,4.0,13,3.0952
SCEK:PK0000098:353:312,420,35,24,1.5143,1.0,0.8071,1.0,4.0,12,2.8571
SCEK:PK0000098:306:AIR,400,2,200,9.445,10.0,1.1468,5.0,10.0,400,100.0
SCEK:PK0000098:420:113,374,55,17,1.3182,1.0,0.8713,1.0,6.0,15,4.0107
SCEK:PK0000098:236:23A,360,15,24,1.2667,1.0,0.4428,1.0,2.0,0,0.0
SCEK:PK0000098:375:96,352,44,26,1.1051,1.0,0.5922,1.0,11.0,1,0.2841
SCEK:PK0000098:30:1A,277,79,7,1.5812,1.0,0.9807,1.0,6.0,17,6.1372
SCEK:PK0000098:283:347,272,41,22,1.4449,1.0,0.9434,1.0,5.0,18,6.6176
SCEK:PK0000098:415:80A,267,120,7,1.7004,1.0,1.1537,1.0,9.0,20,7.4906
SCEK:PK0000098:401:74,262,49,12,1.3168,1.0,0.6394,1.0,4.0,6,2.2901
SCEK:PK0000098:212:511A,251,54,12,2.6693,3.0,1.5173,1.0,9.0,53,21.1155
SCEK:PK0000098:410:82,223,56,10,1.4709,1.0,0.683,1.0,4.0,5,2.2422
SCEK:PK0000098:300:7,185,21,11,1.5297,1.0,0.8408,1.0,5.0,6,3.2432
SCEK:PK0000098:376:97,181,24,15,1.2044,1.0,0.4912,1.0,3.0,0,0.0
SCEK:PK0000098:444:10A,180,118,4,1.9333,1.0,2.2011,1.0,20.0,18,10.0
SCEK:PK0000098:397:11,174,89,4,1.8736,1.0,1.3019,1.0,8.0,22,12.6437
SCEK:PK0000098:334:603,168,84,4,1.5357,1.0,0.9843,1.0,6.0,8,4.7619
SCEK:PK0000098:91:9X,163,108,3,1.5031,1.0,1.2638,1.0,10.0,8,4.908
SCEK:PK0000098:421:525,155,42,6,2.6065,2.0,1.8673,1.0,12.0,48,30.9677
SCEK:PK0000098:424:970,136,68,4,1.8971,1.0,1.2782,1.0,7.0,12,8.8235
SCEK:PK0000098:451:925,128,63,4,1.7422,1.0,1.3354,1.0,7.0,16,12.5
SCEK:PK0000098:443:514,128,32,8,1.5,1.0,0.9049,1.0,4.0,8,6.25
SCEK:PK0000098:212:511B,124,53,5,2.8468,2.0,1.9298,1.0,9.0,44,35.4839
SCEK:PK0000098:286:977,110,70,3,1.8727,1.0,1.4278,1.0,8.0,12,10.9091
SCEK:PK0000098:215:917,110,105,2,1.8,1.0,1.3734,1.0,7.0,11,10.0
SCEK:PK0000098:78:919,107,105,2,1.5421,1.0,1.1433,1.0,10.0,6,5.6075
SCEK:PK0000098:410:85,92,23,8,1.5217,1.0,0.7183,1.0,3.0,0,0.0
SCEK:PK0000098:59:18A,91,91,2,1.9011,1.0,1.4686,1.0,10.0,10,10.989
SCEK:PK0000098:78:912,90,90,2,1.5,1.0,0.951,1.0,5.0,7,7.7778
SCEK:PK0000098:378:384,89,89,2,1.7303,1.0,1.0419,1.0,6.0,5,5.618
SCEK:PK0000098:143:914,89,89,2,1.8427,1.0,1.296,1.0,7.0,9,10.1124
SCEK:PK0000098:77:906,88,88,2,1.5,1.0,1.2224,1.0,10.0,4,4.5455
SCEK:PK0000098:77:904,87,87,2,1.4943,1.0,1.2838,1.0,9.0,3,3.4483
SCEK:PK0000098:78:911,87,87,2,1.6207,1.0,1.0592,1.0,5.0,7,8.046
SCEK:PK0000098:77:903,87,87,2,1.5057,1.0,1.4214,1.0,9.0,4,4.5977
SCEK:PK0000098:285:70,85,85,2,1.5412,1.0,0.8388,1.0,5.0,4,4.7059
SCEK:PK0000098:428:94A,85,47,5,1.8235,1.0,1.6845,1.0,8.0,9,10.5882
SCEK:PK0000098:426:88A,84,78,3,1.7619,1.0,1.4195,1.0,11.0,7,8.3333
SCEK:PK0000098:20:942,81,71,2,1.7901,1.0,1.5142,1.0,10.0,6,7.4074
SCEK:PK0000098:379:73,80,79,2,1.325,1.0,0.5687,1.0,4.0,1,1.25
SCEK:PK0000098:266:59,79,79,2,1.4304,1.0,0.6341,1.0,4.0,1,1.2658
SCEK:PK0000098:400:983,78,76,2,1.6923,1.0,1.3024,1.0,8.0,5,6.4103
SCEK:PK0000098:395:964,77,77,2,1.6753,1.0,0.9657,1.0,5.0,5,6.4935
SCEK:PK0000098:447:251,74,74,2,2.0135,1.0,1.4571,1.0,10.0,9,12.1622
SCEK:PK0000098:382:921,73,73,2,1.3699,1.0,0.6771,1.0,5.0,1,1.3699
SCEK:PK0000098:357:57,72,69,2,1.4583,1.0,0.67,1.0,3.0,0,0.0
SCEK:PK0000098:450:81A,72,70,2,1.4583,1.0,0.9335,1.0,6.0,4,5.5556
SCEK:PK0000098:230:960,70,62,3,1.7714,1.0,1.9048,1.0,14.0,6,8.5714
SCEK:PK0000098:143:915,69,69,2,1.8406,2.0,1.0795,1.0,5.0,7,10.1449
SCEK:PK0000098:426:88,69,69,2,2.1449,1.0,2.0239,1.0,9.0,12,17.3913
SCEK:PK0000098:77:905,68,68,2,1.5882,1.0,1.5857,1.0,10.0,5,7.3529
SCEK:PK0000098:288:74,67,65,2,1.5672,1.0,0.7828,1.0,4.0,2,2.9851
SCEK:PK0000098:214:969,67,58,2,1.6716,1.0,1.3859,1.0,8.0,8,11.9403
SCEK:PK0000098:301:27,66,7,10,1.6667,1.0,0.8829,1.0,3.0,0,0.0
SCEK:PK0000098:391:963,65,43,3,1.9692,2.0,0.9995,1.0,5.0,3,4.6154
SCEK:PK0000098:410:84,65,13,5,1.3846,1.0,0.6298,1.0,3.0,0,0.0
SCEK:PK0000098:390:962,61,39,3,1.918,2.0,1.0375,1.0,6.0,4,6.5574
SCEK:PK0000098:354:313U,60,24,5,1.9,1.0,1.0846,1.0,4.0,8,13.3333
SCEK:PK0000098:143:916,59,58,2,2.1356,2.0,1.3191,1.0,6.0,8,13.5593
SCEK:PK0000098:296:359,59,59,2,1.8644,1.0,1.7952,1.0,11.0,4,6.7797
SCEK:PK0000098:456:1066,59,59,2,1.7966,2.0,0.783,1.0,4.0,2,3.3898
SCEK:PK0000098:307:968,55,47,2,1.8182,1.0,1.733,1.0,10.0,6,10.9091
SCEK:PK0000098:149:932,54,46,2,1.4444,1.0,0.6344,1.0,4.0,1,1.8519
SCEK:PK0000098:396:965,54,51,2,1.8889,1.0,1.3963,1.0,8.0,6,11.1111
SCEK:PK0000098:78:908,53,53,1,1.6038,1.0,1.0979,1.0,6.0,3,5.6604
SCEK:PK0000098:410:82A,50,49,2,1.46,1.0,0.706,1.0,4.0,1,2.0
SCEK:PK0000098:125:967,49,49,2,1.6327,1.0,0.9059,1.0,4.0,3,6.1224
SCEK:PK0000098:412:976,45,45,2,2.4889,2.0,2.4367,1.0,12.0,8,17.7778
SCEK:PK0000098:30:1,45,45,1,1.9778,2.0,1.2879,1.0,6.0,7,15.5556
SCEK:PK0000098:24:946,44,44,1,1.4091,1.0,0.5834,1.0,3.0,0,0.0
SCEK:PK0000098:269:6A,44,22,2,2.1136,1.0,2.1044,1.0,12.0,5,11.3636
SCEK:PK0000098:145:991,42,40,1,1.7381,1.0,1.2109,1.0,7.0,3,7.1429
SCEK:PK0000098:73:913,42,42,1,1.9524,1.0,1.9248,1.0,11.0,6,14.2857
SCEK:PK0000098:409:96,42,42,2,3.0,2.0,2.6133,1.0,13.0,12,28.5714
SCEK:PK0000098:261:956,41,37,2,1.8537,2.0,0.8821,1.0,4.0,4,9.7561
SCEK:PK0000098:450:81B,41,41,1,1.561,1.0,1.2052,1.0,6.0,4,9.7561
SCEK:PK0000098:417:972,40,40,1,1.35,1.0,0.7355,1.0,4.0,1,2.5
SCEK:PK0000098:371:48A,40,33,2,1.675,1.0,1.5256,1.0,9.0,3,7.5
SCEK:PK0000098:416:971,39,39,1,1.6154,1.0,1.3102,1.0,7.0,2,5.1282
SCEK:PK0000098:281:323B,38,38,1,1.6053,1.0,1.1517,1.0,7.0,2,5.2632
SCEK:PK0000098:20:944,36,36,1,1.8056,1.0,1.4106,1.0,7.0,4,11.1111
SCEK:PK0000098:344:43A,35,35,1,1.3429,1.0,0.8023,1.0,4.0,2,5.7143
SCEK:PK0000098:449:96A,33,28,2,1.9091,1.0,2.4156,1.0,14.0,4,12.1212
SCEK:PK0000098:400:981,32,32,2,2.5625,2.0,2.7584,1.0,14.0,5,15.625
SCEK:PK0000098:45:95,30,24,2,2.4667,1.0,3.4314,1.0,16.0,4,13.3333
SCEK:PK0000098:86:951,30,12,5,2.5,2.0,0.9738,1.0,4.0,5,16.6667
SCEK:PK0000098:218:653,29,29,2,2.6552,2.0,1.6749,1.0,6.0,8,27.5862
SCEK:PK0000098:404:58,27,27,2,1.9259,1.0,2.3026,1.0,13.0,1,3.7037
SCEK:PK0000098:274:322A,26,26,1,1.4231,1.0,0.9021,1.0,4.0,2,7.6923
SCEK:PK0000098:369:45A,25,25,1,1.6,1.0,1.472,1.0,8.0,1,4.0
SCEK:PK0000098:417:974,23,23,1,1.3478,1.0,0.9346,1.0,5.0,1,4.3478
SCEK:PK0000098:400:980,23,23,1,2.2174,1.0,2.0661,1.0,8.0,4,17.3913
SCEK:PK0000098:417:975,23,23,1,1.4348,1.0,0.7878,1.0,3.0,0,0.0
SCEK:PK0000098:88:955,22,13,3,1.5909,1.0,1.0075,1.0,5.0,1,4.5455
SCEK:PK0000098:313:19,21,21,1,1.2857,1.0,0.6437,1.0,3.0,0,0.0
SCEK:PK0000098:400:982,21,21,1,3.0952,1.0,6.1311,1.0,29.0,2,9.5238
SCEK:PK0000098:84:953,16,8,4,2.5,2.0,1.3663,1.0,5.0,4,25.0
SCEK:PK0000098:87:954,15,15,2,1.8667,2.0,0.6399,1.0,3.0,0,0.0
SCEK:PK0000098:417:973,15,15,1,1.4,1.0,0.5071,1.0,2.0,0,0.0
SCEK:PK0000098:377:320,15,15,2,2.1333,2.0,1.2459,1.0,4.0,4,26.6667
SCEK:PK0000098:112:966,11,11,1,1.8182,1.0,1.5374,1.0,6.0,1,9.0909
SCEK:PK0000098:345:80B,4,4,1,5.75,4.0,3.304,2.0,9.0,3,75.0
